Review,Sentiment
"I love this product! It works great.",positive
"This is the worst thing I have ever bought.",negative
"It's okay, not the best but not the worst.",neutral
"I am extremely satisfied with my purchase.",positive
"The product broke after one use, very disappointing.",negative
"Not impressed, it doesn't do what it claims.",negative
"Fantastic! Exceeded all my expectations.",positive
"Meh, it's fine. Nothing special though.",neutral
"This is a must-have item, highly recommend it!",positive
"Terrible quality, do not waste your money.",negative
"Absolutely fantastic service and quality.",positive
"I would not recommend this to anyone.",negative
"The experience was just average.",neutral
"Best purchase I've made this year!",positive
"Horrible experience, will not buy again.",negative
"The item is decent for the price.",neutral
"I am very happy with the results.",positive
"Complete waste of money.",negative
"It's alright, not too bad.",neutral
"Exceeded my expectations in every way.",positive
"Broke after a week, very upset.",negative
"Not what I was expecting, but okay.",neutral
"I highly recommend this product!",positive
"The worst customer service I've ever experienced.",negative
"Average product, nothing special.",neutral
"Very satisfied with this purchase.",positive
"Very disappointed, would not buy again.",negative
"It's fine for what it is.",neutral
"Love it! Will buy more.",positive
"Terrible, just terrible.",negative
"Just okay, nothing amazing.",neutral
"Highly recommend, great value.",positive
"Awful quality, do not recommend.",negative
"Pretty average experience.",neutral
"Couldn't be happier with this.",positive
"Very poor quality, broke quickly.",negative
"Not the best, not the worst.",neutral
"Absolutely love this!",positive
"Not worth the money.",negative
"Okay product, nothing more.",neutral
"This is excellent, highly recommend.",positive
"Extremely disappointing.",negative
"Just fine, does the job.",neutral
"Superb quality and service.",positive
"Very bad experience.",negative
"It's an average product.",neutral
"Couldn't be more pleased.",positive
"Broke immediately, very bad.",negative
"Meh, it's alright.",neutral
"Outstanding product!",positive
"Terrible experience overall.",negative
"Nothing special, just okay.",neutral
"Amazing, would buy again!",positive
"Would not recommend, very bad.",negative
"It's decent for the price.",neutral
"Extremely satisfied!",positive
"Complete disaster, very bad.",negative
"Just okay, does what it needs to.",neutral
"Love it, highly recommend!",positive
"Not good, very poor quality.",negative
"Fine for the price.",neutral
"Absolutely perfect, very happy.",positive
"Terrible, would not buy again.",negative
"Not great, but not bad either.",neutral
"Best purchase ever!",positive
"Very disappointed, not worth it.",negative
"It's an alright product.",neutral
"Fantastic, very pleased!",positive
"Horrible, never buying again.",negative
"Just average, nothing special.",neutral
"Highly recommend, excellent product.",positive
"Very bad, do not recommend.",negative
"Meh, it's just okay.",neutral
"Super happy with this purchase.",positive
"Not satisfied at all.",negative
"Decent product, does the job.",neutral
"Exceeded all my expectations.",positive
"Terrible, broke immediately.",negative
"It's okay for what it is.",neutral
"Love this product, very happy.",positive
"Complete waste of money, very bad.",negative
"Fine, but nothing special.",neutral
"Amazing product, highly recommend!",positive
"Very poor, do not buy.",negative
"Okay, but not great.",neutral
"Thrilled with this purchase!",positive
"Awful, would not buy again.",negative
"Just fine, does its job.",neutral
"Perfect in every way!",positive
"Broke after first use, very bad.",negative
"Nothing special, just fine.",neutral
"Incredible product, very happy.",positive
"Very bad quality, do not buy.",negative
"It's alright, nothing amazing.",neutral
"Love this, works perfectly!",positive
"Horrible, broke quickly.",negative
"Just okay, nothing more.",neutral
"Fantastic purchase, very satisfied!",positive
"Would not buy again, very poor.",negative
"Not bad, but not great either.",neutral
